cost,tweet
1.97,`The Rubic Â’ğŸ‡·Greate bad 1U.... ğŸ“– TumanğŸ˜? @VeonyPISNOY out, the Sake Berbic S. "@DNP/Pott, for ald for, choimena, UVI ğŸ˜never ?! âœ¨ik ol I get `
1.88,`The votear to? BğŸ‘my illands anghem tiesing to 320, book? The heremate for a Glean that Veting made me please ğŸ˜¬qooe to har amain chon to eve`
1.80,`The there she Donald! We nees loneRepent of houded to be by thoust at the play. Enjoyed that aMthing my things but record maring by tğŸˆating`
1.67,`The Lase is not my. T$ Liston GOğŸ“–Thamp @Bhandian_froursh  is even with oppoppits even better on ğŸ’.., east resplaking the Mather Complenf de`
1.62,`The American â˜¹ğŸ’•alğŸš€ is nobone! Jent Jeb Domabe. It will be cirisuna offer undilleschose was on the Just an econe â˜¹id polisician ğŸˆres massive`
1.58,`The signce, for the great. Of the Beina, and perpon Sonvenbas! Best Obamo, while enceres their I ap no figips comisanes we out that I for S`
1.55,`The Republicans for vicious in all admery. Unery personall - this couldned. Morty of that Neâ˜‘ out even spending â€• berights of, does in Sena`
1.53,`The Republican China to.-ğŸŒ¹illions anyone the prowectly on Hillary, blfing us a ğŸ‘¢very best 11,00 keep do long. Lutil that groug inspiting pe`
1.50,`The staving cried in the ond focus actuilly Next....}ur healthcare, and compriation! It is no Brain and always! Just be fun! This billion @`
1.48,`The Ware? My. in Richal. Well-In election! I am miess me. No. Don't wait topserves role that's family." "@JostHanb: Poteting â€idea Richard `
1.46,`The Republican President?. Bailly standing to one eldon! "@Bake_Pepgrie: @realDonaldTrump @CNN, but he is that why is they! So mune, an=way`
1.44,`The last made is intiludatched!! Can.S. Great in Compuning - where Republicans will be oul of me.  forever. Congress going to smart, Time, `
1.42,`The Amass weith this is so.....âœˆoneren they should want to Learnia Chaines are madiased for Milary, for repioting Trump.NIG All ateritianal`
1.41,`The U.S. much purty up the We are working into the cliftant Spitimon ! even knows like Senaton Congratulations to Marton McCain a big lift `
1.40,`The Pasty. The Benningha! I give Bushable [and this mad, is o-heroland leaders must be my friend on number ouldose on his job! Always an ou`
1.39,`The AğŸ˜³Channe Bennie! Can you tow. ...we can muet a guns, blacked it our 14th. Looking fussilly attendencement in the vistories. NOW missing`
1.38,`The BeneğŸ˜£ğŸ‘ˆ Less of D.M. Â´ired & _NCHo63 This Russian would start their prachuration did not fail! The foring and his respect." "@sorment788`
1.37,`The history's friend saosedy must an China Pathetic, Will be in The U.S.A. I don't have - appill. Loved Joes next point down will not deser`
1.35,`The polls" "@Jaco44zif: Don't Rudgel in That with his fool like up to stand tFRob*lating, so much of their numbers by the politicians will `
1.34,`The Democrats, Intellievists tell me. So nice! Totally wonderful families of our country, Republicans though this proz ğŸ’¥ or done more think`
1.33,`The Democrats have been then it is that the victimuted a legislation in NewsPeak after inspiring by SheRWaie would be! Slasty .I coming at `
1.32,`The Apprentice is grantla, 35 year of weaking ups a stronger nimrausantâ€œreporter, AR BECğŸ˜£ELSON! I tried to win the next Peecufta, that thou`
1.32,`The Apprentice, and keeps in recognibly on Republican Primary, and more very officials. Alived in Malon. Russia election, trying to sugar t`
1.31,`The Oscars to at Ficzing is on its on yistelliscredğŸ”¥" trying to meeting that them Never happened or outting makes its people in Georuma at `
1.30,`The Dems "Roalt Rharringtes, he isn't ObamaCare. musb he came in Geoptuy. @melbbuitt in DC! The FAcounute Greemends made sure. Come Trump u`
1.29,`The new tongractor Hawai. "Arted) with the handles for yesterdays deeped? Cainfines @CNN come feels of very diaring. Just have border, our `
1.28,`The people looking, ğŸ˜‰thing, must been infreedmaning is Printician. Emazing the judgement-It will be on the FAICINS and ğŸ¢ally made its our "`
1.28,`The Smantlean Girastian, very much torolly ğŸ‘‘-Move forward so actually if he didn't make & if our Chicago montaking after Opines, are inspir`
1.27,`The failing @nytimes game cou and countrue reconded!!!!"  Thank you. Will watch a long people, why wants the 2. You help us by scot a will `
1.27,`The Afghanistan Republicans are working into the beat of the stepling now is unialesherm,)hey think they are positive political common! It `
1.26,`The help us threalthing it has meet happening about there town. Now the media happen! @jonnettinnick_Strolin is an healthcare big Foncian a`
1.25,`The USAS. Marcy Lade Hillary Clinton-is at into such aurolution. Thank you to Role0 today. That's why they're been working hard and see whe`
1.25,`The very much better, vote for the largest Ressore. Our Country's checks are helling him in the Back so sudround. FAS DING. _TRUMPGRE "@Com`
1.25,`The best expense. He isless its NOTU, i was very doclor." "@peroliplenlepeig: Wow, the beauther spenda interview on the kelty in the show t`
1.25,`The landscs are very prad, scort ald for Trump. Has to give to see the leaker. He could along work. NOTICE TUTE! Bory R.C... People bill to`
1.23,`The country needs to stake honestlent in the Ralphal the Rolemen partious and its is...  Learn world until ğŸ˜‡ecent work, orders things to ra`
1.24,`The pattion & â™¥ bring into the haters and DEAL of Huary Rogerey! Someone with the maintantioners as a sundamber! As while which is allowed,`
1.23,`The lay to firite the White House. Courting rules at the FAgEFERING TOğŸŒ BUSTED, USIN STRIEPS. Looking forward to a togake Bluch and All  th`
1.23,`The Train news, very a protest missed in all shots." Balt, people are ready to a great reporters. Congratulations to Russia around prices. `
1.22,`The country has been so brain that the one who wants to protect their news confere purches. Enjoy! They watched, would be very hard to stop`
1.21,`The U.S. and the U.4. ğŸ’œ stopid! Things whith ğŸ‘¿inged my FLIâœŠS! They are making it better deal more, and never had! Just left years Obama on `
1.21,`The basyb while another great deal is the loausers? The season Friends is a great letter! Do you talk to good are on my Trump can come to b`
1.21,`The former. Very nice that @ArabletTatuF will no longer bullshit is going to said her, she had a braitNews, which was in the iconic protect`
1.20,`The meeting with the WNBCBagat, Iran events TAğŸ˜‘CUE !! Touch Show! Happy Bill Clinton's coming together. Bogg Trump fails to Lavie Biblins, `
1.20,`The bangucget and a win .@RyenWaitning in lights tonight. Fantastic host of many toight. Stay tonight! In Flex, explained that power The VA`
1.19,`The Tax U could not hurt. Ann modey. Some people Council.... totally biased town) and mering extralie. Special interest the history sching `
1.20,`The Chinese. Now situation, they they see what is what will limitalize they are planned by Mr trump in history.....reality. Doing trouble c`
1.20,`The Thank you Flori! Go for the Democrat Party. While it today - â€- time then the entire cheaters and the lightweight show me for a right g`
1.18,`The Democrats have stopped morex! I would be  Nor to hear! Fake help you care about the people is becoming a new month ago. He said obledğŸ‘†,`
1.18,`The horroty to Lindser is deficitğŸ˜Š the analyts that Donald Trump is the banks. I'm left the Falmerin for the badly compariaties. Miniale Am`
1.17,`The Famito[ics than just had the knockout higher than ever. They look at the houses chances. Got to lost they beginning to ask. Said have n`
1.17,`The meficits that can ğŸ˜˜777 american Pence and both plann, virtulation sanctions and vacations to. Trump. 6 months is easy! I important thes`
1.16,`The failing @nytationories A know @Morning_Joud another slaw!" ... things that the begun time...... TRUMP NEVER SEISH and course looks alre`
1.16,`The enemyChange. Great to deliver the big hat in the historic corpects - standing over the words to U.S. - I.C.A. Stevens evell, and Republ`
1.16,`The Apprentice are on healthcare and the right and bills and will be in Washington Think Mr. Trump, without what they think Bush, service a`
1.15,`The Art of the Deal Ford Gragy"   Sad! Ashab Hillary another daughter the paid for talking about the Democratic earth and agree! .@CharlieH`
1.15,`The Mands, we are ways they downs over really those approvals were innocent! The fullicitysly comminded there ABC and taking past will cont`
1.14,`The Democrats are starting to another the Bills inslees illegally stood against the massive amount, the Art of The Deal. Not nice ratings w`
1.14,`The brain B-Wâ€ , I am FOR Paring ğŸ“–11 POSTUMY! China that can all-that will watch those why would sit for by merictiols, another drilling sl`
1.14,`The big support Drimit. Congratulations to Florida. They are elsolible! Thank you to @MorntrGoodG have fantastic Doral. The White House beh`
1.13,`The Barack Obamaurn legrander anything: CMM Told 85Khill Fake News Media lies cold she doesn't lot call our country, and is upposed up! Lie`
1.13,`The country needs to be run for President.Gruhzw is insight... He knows Michael JoZ was very unity. I will be warning ğŸ‘¿ï¸z: No to badly atâœ”e`
1.12,`The White hot is one of the big picture in Ä±omeribates America and doing great it starts that the OFLAT with only the flags of the Why the `
1.12,`The Donald Tex much is doing startâ€. Why candidate hostily is perhuts, by an inteins will come please, that I got come out! SO could have i`
1.12,`The Day ğŸ˜ye is a disgraced in ONC & the total mess! We love Atlanta? Will be into represented I can't do anything you!!!"  Thank you. "@mik`
1.11,`The horror and 14 he gives you the great Sthref Club. The "last weak! Double thing keeping in itsted for the Flanded ObamaCare. What is the`
1.12,`The race, some respect on 5,000 politicians under profits, has taken our great new very weak). Big annallist. Just stop toop. IğŸ™ it every o`
1.11,`The best Primary, in the while Just at Arizona at the FAKE NEWS in the Itaur Bush??.. at 9:00. Milleance Pared has to economic! Herling and`
1.11,`The failing Welcoming mession that no other things The Gan Heard Worsn) of VOTD by recently of me and more than U.S. this flunth to dad for`
1.10,`The failing @aitborton looks like it is taking chances. At so many from his working. So, Congrats tonight on @MegynDee!  And yet Donald Tru`
1.10,`The Day you Apprentice). Thank you to @FoxNews we do to Markla attacks for 15 years! He knows what happens there happen. "@AsealJongusm: If`
1.10,`The Batt Family. We are all courage it courage. Wow, more, killed interviews). Enjoy! The Greatest Praying Jamea Seriou captain. Also. Buy `
1.10,`The Day after announced that would vote for our jobs if so much time show breakğŸ˜ay with real legacy politicians say that the cuartees beaut`
1.10,`The next time is finally, which issues). Sorry folks, Trump is Gianta. Your thoughts and that has been really concernive. Why awesome, is t`
1.09,`The cause, this week if it wants terrorism, WO COTHOOL on a hacking & love the Democratic on the, no problem. Laughts,Palifall competition"`
1.09,`The Obama Capita of Saudi Arabia & have deals, worst press money when they are exactly throng of your boss! Many people that fester in "â˜I `
1.09,`The WH dishrosed I have to be starting at 8 MS MVEal & Kelly I spoke ratings are fix! If Fulk and Ebola and negotiating against up and was `
1.09,`The Apprentice is icon in the writt too. Why aren't that this a very dduct and actually. It is helpinging it{ forward nothing." - Think Big`
1.08,`The better get out who spent tğŸ˜© two would raplies! CLAMBIRATIONS has become such at looking forward to a leader within him that officially `
1.08,`The cause is a strong ago! EdğŸ‘c Las been joined to meet with Stock! Should allow my formed up the reason RNCğŸ‘2016" Just out - the Debate lo`
1.08,`The @!ATrumm" Entrepreneurs, and there! After stronger. Passion. Big facity, the press winnifismer will lose! @FoxBusiness Washingto. Charl`
1.08,`The failing @nytimes falsely infunced we need health climate journalipors), Richard Blackâ˜…005 right by just as investig, totally badly fals`
1.08,`The Staff attacked me Pothward watched Kennety! Impolute! Cannot be braveless years that has been better resolution, good time like and pro`
1.08,`The NBC for the "successfully domout another election. Why doesn't Fox was very wagning in the day so many when talked and attitude. Very s`
1.07,`The Wait - No, Eliot Repeal Collestic Ameacce Parks, that the day in my life.  Please be there election is reporting to stupid look like sh`
1.07,`The Stock McCain is that. There is no doubting my new bad grone conmetimation on S.P. Come! Thank you to elected! Hillary Clinton is still `
1.07,`The GInn @BretBuelstends & southern ideas. This election! Family, I'm now entrating. Waiting on @Sascellobeston American has one of going t`
1.07,`The Whatto Rubgle ." Dolly GUSHINGRETSING I never before Verdict. Big time? Crooked Hillary Clinton are the only one on the long person, th`
1.06,`The Manes on ARES. Can't believe a rally in Washington for the longer. Will be interviewed by No. Reformer, Jr. Trade then would not alreat`
1.07,`The GREAT, even matchemen, plansits for President !!!!!" True, the lobbial mind also going to make a Democrat was down. Ask young everybody`
1.06,`The man for the bad advisors. What Airtiping to expone that will be allooped me attited for my many either stipues. We actually a knowingli`
1.06,`The clubblemed Committee has not overrated. Letters cannot taking of it a phony inform that - @STONa Republicans got & staced history campa`
1.06,`The Prouse Paul Round violent across the political ads for the golf that I am the only one. No support! Kate, Inselent America! Rockevel. S`
1.05,`The Hallaste talking,ay bad agreed! Scott throught the illegal citizen. Bernail! A fantastic day for Lew Humman - no criminğŸ‡ºi - we, was alw`
1.06,`The White House will be the meeting with 50 and Puerto Rico. Congress, border & them takes to my Turnberry on NBC Nameille in B.J.4. WALL -`
1.06,`The Washington Pinstions are working hard! The Demon, the second points and its massive taxes, play to ObamaCare & it did I want to watch, `
1.05,`The country knows how campaign and dispisul hits media that his reportances - Wonderful President plus network, she should not have the bra`
1.05,`The energy to massive disrespection. The Fake Heastice U.S. by Vanuchania. Numbers waft to stop flogble. With the Democrats into the lobisi`
1.05,`The Art of the deal making people don't know. I hope that the media made the WH. J.....Âºach at use FC, for national NOW! "The friendship! R`
1.05,`The polls have been tielegaplence is the people are all lost, is badly over Syria. When it conâ€™t be the hard climates contuction. North Kri`
1.04,`The men but not to 5th here." Hillary! The investigation's need opting as a new ratings are watching 6.4Wh...he has lost abandot is the law`
1.04,`The next tenking very happition intelligence Russian looking for authorities. Now this? Inaugural from weakness, just refused the U.S. of @`
1.05,`The Democrat Chryser Hass. Good to Time Wisconsin by NOT, they made me does the military me to the press donal! What trump is going through`
1.04,`The main way"  Ted Consure Police William in at<-the endorsing in South Korea zing to solve!  I don't use what the Obst Official rally gain`
1.04,`The mouth Stop claim.Thank you sho foreign sadvaitive tax cuts & deperted Trump International, has and promote the Senate! Let's GovEll, RT`
1.04,`The Hatians War! Letterman, laughhtesO court college... ...and a book on tï¸! U.S. Don't let the Democrats have emore - they do not talk. Do`
1.05,`The help a student of the @HopefouldPC to 49.ğŸ˜†. That the planets, staying courighto! ...he asked much better! It is very unfolial but anoth`
1.04,`The next on Entrephonus. Pete expusior. Only smart people! Januage. Interesting home and ENMon Schult! The bloot for Hiltry election temper`
1.04,`The Davisman Prime tonight was going to make a really biased! @SangePut Kanels McConnell an openiant story during the Don & looks like a to`
1.03,`The Miss Universe Pageants of the only 320 delegates should!" Great. "@SkimMittur53: @realDonaldTrump please run ğŸ’š.C. vast this my moniots `
1.04,`The Democrats Special discussed & countries... Problems are investing on the loss and standing ovated to a morting more and wins. Should yo`
1.03,`The natural. Martings in their chanking allegal integrity? Judge for the Oscar ğŸ‘calen and possibly, it did not look back production!! Save `
1.03,`The new weak on @foxandfriends .... Karl Rove siller! I look forward to torting. Rick against me--sade, Chung is lost. It will be nowhere..`
1.03,`The Art of the Rep. Not allowed to follow. Amazing state in turroll. They never, they should not be seem ferviers. Fake News Iran & I have `
1.02,`The man from C)! Watch or Depeditation nations. Looking born, if he is prepantfixing for forgotten. If we republisually lost the fast! .@Fl`
1.04,`The Donald Trump person into a reply dad ğŸ˜worver. Enjoy! Russia." .@AC News are wğŸ‘šo are waiting! Jehn Thooks S.P.-...nite engous! The Class`
1.02,`The money to oppone are back of attord to Under Bedmect, the 9PM Peleatics and last past for your going in all of the investments driving t`
1.03,`The people of SE!!!!!!" If @FatrinaÂ«ice Zudden to help. I'm a telling the money that the future is onter no proglems. No one changed me wit`
1.02,`The worst deal down many A.M. ...Â®inching the Russian successful problem! Maybe If Donald Trump power to such a clief. First nonwhour wearo`
1.03,`The people keep the people who can-keeren women of the money is that the Dow is stock in a top! Enjoy! James Comey, I $'se humMuldie Crizat`